gender,avg_duration
Female,1101.9518158459377
Male,855.3141806400951
